split,metric,value,delta_vs_clean
clean,drug_match_rate,0.9941,0.0
clean,binary_f1,0.9975,0.0
clean,severe_recall,0.8462,0.0
clean,auc_roc,0.9746,0.0
clean,accuracy_4class,0.9313,0.0
clean,macro_f1_4class,0.9514,0.0
brand,drug_match_rate,0.9941,0.0
brand,binary_f1,0.9975,0.0
brand,severe_recall,0.8462,0.0
brand,auc_roc,0.9746,0.0
brand,accuracy_4class,0.9313,0.0
brand,macro_f1_4class,0.9514,0.0
L1,drug_match_rate,0.7706,-0.2235
L1,binary_f1,0.7382,-0.2593
L1,severe_recall,0.3077,-0.5385
L1,auc_roc,0.7674,-0.2072
L1,accuracy_4class,0.5966,-0.3347
L1,macro_f1_4class,0.5769,-0.3745
L2,drug_match_rate,0.9627,-0.0314
L2,binary_f1,0.995,-0.0025
L2,severe_recall,0.8462,0.0
L2,auc_roc,0.9717,-0.0029
L2,accuracy_4class,0.927,-0.0043
L2,macro_f1_4class,0.9466,-0.0048
L3,drug_match_rate,0.9941,0.0
L3,binary_f1,0.9975,0.0
L3,severe_recall,0.8462,0.0
L3,auc_roc,0.9746,0.0
L3,accuracy_4class,0.9313,0.0
L3,macro_f1_4class,0.9514,0.0
