rx_id,clean,brand,L1,L2,L3
3,"1. Loratadine 10mg OD
2. Omeprazole 20mg OD","1. Loratadine 10mg OD
2. Omez 20mg OD","1. Loratadine 1Omg OD
2. Omcz 20mg OD","1. loratadine10mg od
2. omez20mg od","dard ke liye 1. Loratadine OD
2. Omez OD"
5,"Rx: Abacavir - 50mg od
Rx: Tenofovir disoproxil - 75mg od","Rx: Abacavir - 50mg od
Rx: Tenofovir disoproxil - 75mg od","Rx: Abacavir - 5Omg od
Rx: Tcnofovir disoproxil - 75mg od","rx: abacavir - 50mg od
rx: tenofovir disoproxil - 75mg od","doctor ne likha hai: Rx: Abacavir - od
Rx: Tenofovir disoproxil - od"
31,"Erlotinib 50mg twice daily
Seladelpar 75mg TDS
Calcium 75mg three times daily","Erlotinib 50mg twice daily
Seladelpar 75mg TDS
Calcium 75mg three times daily","Erlotinib 50mg twice daily
Seladclpar 75mg TDS
Calcium 75mg thrce times daily","erlotinib50mg twice daiIy
seladelpar75mg tds
calcium75mg three times daiIy","dard ke liye Erlotinib twice daily
Seladelpar TDS
Calcium three times daily"
39,"Tab. Efonidipine 500mg, to be taken orally, once daily after meals
Tab. Pidotimod 5mg, to be taken orally, three times daily","Tab. Efonidipine 500mg, to be taken orally, once daily after meals
Tab. Pidotimod 5mg, to be taken orally, three times daily","Tab. Efonidipine 500mg, to be taken orally, oncc daily after meals
Tab. Pidotimod 5mg, to bc taken orally, three times daily","tab. efonidipine500mg, to be taken orally, once daiIy after meals
tab. pidotimod5mg, to be taken orally, three times daiIy","doctor ne likha hai: Tab. Efonidipine, to be taken orally, once daily after meals
Tab. Pidotimod, to be taken orally, three times daily"
42,"Tab. Omeprazole 20mg, to be taken orally, once daily before meals
Tab. Cetirizine 10mg, to be taken orally, once daily after meals","Tab. Omez 20mg, to be taken orally, once daily before meals
Tab. Alcet 10mg, to be taken orally, once daily after meals","Tab. Omez 20mg, to bc taken orally, once daily before meals
Tab. Alcet 1Omg, to be taken orally, once daily after meals","tab. omez20mg, to be taken orally, once daiIy before meals
tab. alcet10mg, to be taken orally, once daiIy after meals","bukhar ke liye Tab. Omez, to be taken orally, once daily before meals
Tab. Alcet, to be taken orally, once daily after meals"
43,"1. Omeprazole 20mg OD
2. Amoxicillin 500mg TDS","1. Omez 20mg OD
2. Novamox 500mg TDS","1. Omcz 2Omg OD
2. Novamox 500mg TDS","1. omez20mg od
2. novamox500mg tds","dard ke liye 1. Omez OD
2. Novamox TDS"
44,"1. Ifosfamide 75mg BD
2. Pertuzumab 50mg OD","1. Ifosfamide 75mg BD
2. Pertuzumab 50mg OD","1. Ifosfamidc 75mg BD
2. Pertuzumab 5Omg OD","1. ifosfamide75mg bd
2. pertuzumab50mg od","bukhar ke liye 1. Ifosfamide BD
2. Pertuzumab OD"
45,"Icosapent 50mg OD
Cefotiam 75mg three times daily","Icosapent 50mg OD
Cefotiam 75mg three times daily","Icosapent 50mg OD
Ccfotiam 75mg three timcs daily","icosapent50mg od
cefotiam75mg three times daiIy","bukhar ke liye Icosapent OD
Cefotiam three times daily"
76,"Cefmetazole 50mg once daily
Dihydrostreptomycin 50mg once daily","Cefmetazole 50mg once daily
Dihydrostreptomycin 50mg once daily","Cefmetazolc 50mg once daily
Dihydrostrcptomycin 50mg once daily","cefmetazole50mg once daiIy
dihydrostreptomycin50mg once daiIy","dard ke liye Cefmetazole once daily
Dihydrostreptomycin once daily"
86,"Mofebutazone 10mg twice daily
Loracarbef 50mg TDS","Mofebutazone 10mg twice daily
Loracarbef 50mg TDS","Mofebutazonc 10mg twicc daily
Loracarbef 50mg TDS","mofebutazone10mg twice daiIy
loracarbef50mg tds","doctor ne likha hai: Mofebutazone twice daily
Loracarbef TDS"
103,"1. Metformin 500mg BD
2. Sitagliptin 100mg OD","1. Glyciphage 500mg BD
2. Sitagliptin 100mg OD","1. Glyciphage 50Omg BD
2. Sitagliptin 1O0mg OD","1. glyciphage500mg bd
2. sitagliptin100mg od","bukhar ke liye 1. Glyciphage BD
2. Sitagliptin OD"
104,"Rx: Lisinopril - 10mg od
Rx: Spironolactone - 25mg od","Rx: Lisir - 10mg od
Rx: Aldactone - 25mg od","Rx: Lisir - 1Omg od
Rx: Aldactonc - 25mg od","rx: lisir - 10mg od
rx: aldactone - 25mg od","bukhar ke liye Rx: Lisir - od
Rx: Aldactone - od"
106,"Amlodipine 5mg OD
Metformin 500mg BD","Amlong 5mg OD
Glyciphage 500mg BD","Amlong 5mg OD
Glyciphagc 5O0mg BD","amlong5mg od
glyciphage500mg bd","dard ke liye Amlong OD
Glyciphage BD"
110,"Metoprolol 50mgBD
Verapamil 80mg TDS","Embeta 50mgBD
Calaptin 80mg TDS","Embcta 50mgBD
Calaptin 8Omg TDS","embeta50mgbd
calaptin80mg tds","bukhar ke liye Embeta 50mgBD
Calaptin TDS"
111,"Atorvastatin 20mg OD
Diltiazem 120mg BD
Metformin 500mg twice daily","Atorfit 20mg OD
Channel 120mg BD
Glyciphage 500mg twice daily","Atorfit 20mg OD
Channel 120mg BD
Glyciphagc 50Omg twice daily","atorfit20mg od
channel120mg bd
glyciphage500mg twice daiIy","doctor ne likha hai: Atorfit OD
Channel BD
Glyciphage twice daily"
125,"Metoprolol 50mg twice daliy
Diltiazem 120mg BD
Atorvastatin 20mg 0D","Embeta 50mg twice daliy
Channel 120mg BD
Atorfit 20mg 0D","Embeta 50mg twice daliy
Channel 12Omg BD
Atorfit 2Omg 0D","embeta50mg twice daliy
channel120mg bd
atorfit20mg 0d","bukhar ke liye Embeta twice daliy
Channel BD
Atorfit 0D"
142,"Tab. Ramipril 5mg, to be taken orally, once daily after meals
Tab. Amlodipine 5mg, to be taken orally, once daily before meals","Tab. Cardace 5mg, to be taken orally, once daily after meals
Tab. Amlong 5mg, to be taken orally, once daily before meals","Tab. Cardace 5mg, to be taken orally, once daily after meals
Tab. Amlong 5mg, to bc taken orally, oncc daily before meals","tab. cardace5mg, to be taken orally, once daiIy after meals
tab. amlong5mg, to be taken orally, once daiIy before meals","bukhar aur dard ke liye Tab. Cardace, to be taken orally, once daily after meals
Tab. Amlong, to be taken orally, once daily before meals"
146,"Hydrochlorothiazide 25mg OD
Atorvastatin 20mg once daily","Hydrochlorothiazide 25mg OD
Atorfit 20mg once daily","Hydrochlorothiazidc 25mg OD
Atorfit 2Omg once daily","hydrochlorothiazide25mg od
atorfit20mg once daiIy","bukhar ke liye Hydrochlorothiazide OD
Atorfit once daily"
149,"Rx: Enalapril - 10mg bd
Rx: Spironolactone - 25mg od
Rx: Bisoprolol - 5mg od","Rx: Enapril - 10mg bd
Rx: Aldactone - 25mg od
Rx: Corbis - 5mg od","Rx: Enapril - 1Omg bd
Rx: Aldactonc - 25mg od
Rx: Corbis - 5mg od","rx: enapril - 10mg bd
rx: aldactone - 25mg od
rx: corbis - 5mg od","bukhar aur dard ke liye Rx: Enapril - bd
Rx: Aldactone - od
Rx: Corbis - od"
201,"Rx Ergotamine - 20mg bd
Rx: Ketoconazole - 750mg twcie daily
Rx: Calcium 100mg once daliy","Rx Ergotamine - 20mg bd
Rx: Ketoconazole - 750mg twcie daily
Rx: Calcium 100mg once daliy","Rx Ergotamine - 20mg bd
Rx: Ketoconazole - 750mg twcic daily
Rx: Calcium 1O0mg once daliy","rx ergotamine - 20mg bd
rx: ketoconazole - 750mg twcie daiIy
rx: calcium100mg once daliy","bukhar aur dard ke liye Rx Ergotamine - bd
Rx: Ketoconazole - twcie daily
Rx: Calcium once daliy"
213,"Acyclovir 400mg twice daliy
Cetirizine 10mg once daily","Acivir 400mg twice daliy
Alcet 10mg once daily","Acivir 400mg twice daliy
Alcct 10mg oncc daily","acivir400mg twice daliy
alcet10mg once daiIy","bukhar aur dard ke liye Acivir twice daliy
Alcet once daily"
214,"Erythromycin 100mg BD
Amiodarone 75mg OD","Althrocin 100mg BD
Eurythmic 75mg OD","Althrocin 1OOmg BD
Eurythmic 75mg OD","althrocin100mg bd
eurythmic75mg od","dard ke liye Althrocin BD
Eurythmic OD"
219,"Rx: Fluconazole 750mg twcie daily
Rx: Simvastatin-10mg twice daily","Rx: Zocon 750mg twcie daily
Rx: Simvotin-10mg twice daily","Rx: Zocon 750mg twcie daily
Rx: Simvotin-1Omg twicc daily","rx: zocon750mg twcie daiIy
rx: simvotin-10mg twice daiIy","bukhar aur dard ke liye Rx: Zocon twcie daily
Rx: Simvotin- twice daily"
221,"Rx: Voriconazole - 10mg tds
Rx Tacrolimus - 10mg once daliy","Rx: Voriconazole - 10mg tds
Rx Pangraf - 10mg once daliy","Rx: Voriconazole - 1Omg tds
Rx Pangraf - 1Omg once daliy","rx: voriconazole - 10mg tds
rx pangraf - 10mg once daliy","doctor ne likha hai: Rx: Voriconazole - tds
Rx Pangraf - once daliy"
223,"Rx: Ciprofloxacin - 500mg twice daily
Rx: Theophylline - 75mg tds","Rx: Ciprofloxacin - 500mg twice daily
Rx: Theobid - 75mg tds","Rx: Ciprofloxacin - 50Omg twicc daily
Rx: Theobid - 75mg tds","rx: ciprofloxacin - 500mg twice daiIy
rx: theobid - 75mg tds","bukhar ke liye Rx: Ciprofloxacin - twice daily
Rx: Theobid - tds"
226,"Levofloxacin200mg three times daily
Amiodarone OD","L-Cin200mg three times daily
Eurythmic OD","L-Cin2O0mg threc times daily
Eurythmic OD","l-cin200mg three times daiIy
eurythmic od","dard ke liye L-Cin200mg three times daily
Eurythmic OD"
302,"Oxycodone 10mg BD
Diazepam 5mg TDS","Oxycodone 10mg BD
Diazepam 5mg TDS","Oxycodone 1Omg BD
Diazcpam 5mg TDS","oxycodone10mg bd
diazepam5mg tds","bukhar aur dard ke liye Oxycodone BD
Diazepam TDS"
303,"Carbamazepine 200mg BD
Ethinyl estradiol 0.03mg OD
Vitamin D 20mg OD","Zeptol 200mg BD
Ethinyl estradiol 0.03mg OD
Vitamin D 20mg OD","Zeptol 2O0mg BD
Ethinyl estradiol 0.03mg OD
Vitamin D 2Omg OD","zeptol200mg bd
ethinyl estradiol0.03mg od
v1tam1n d20mg od","bukhar aur dard ke liye Zeptol BD
Ethinyl estradiol OD
Vitamin D OD"
307,"Escitalopram 10mg OD
Pregabalin 75mg BD","Escitalopram 10mg OD
Pregalin 75mg BD","Escitalopram 1Omg OD
Prcgalin 75mg BD","escitalopram10mg od
pregalin75mg bd","dard ke liye Escitalopram OD
Pregalin BD"
312,"Tab. Fentanyl 50mcg, to be taken orally, twice daily
Tab. Midazolam 7.5mg, to be taken orally, once daily at bedtime","Tab. Fentanyl 50mcg, to be taken orally, twice daily
Tab. Mezolam 7.5mg, to be taken orally, once daily at bedtime","Tab. Fcntanyl 50mcg, to be taken orally, twice daily
Tab. Mezolam 7.5mg, to be taken orally, oncc daily at bedtime","tab. fentanyl50mcg, to be taken orally, twice daiIy
tab. mezolam7.5mg, to be taken orally, once daiIy at bedtime","bukhar aur dard ke liye Tab. Fentanyl, to be taken orally, twice daily
Tab. Mezolam, to be taken orally, once daily at bedtime"
313,"Tab. Valproate 500mg, to be taken orally, twice daily after meals
Tab. Lamotrigine 50mg, to be taken orally, twice daily
Tab. Vitamin D 20mg, to be taken orally, once daily","Tab. Valproate 500mg, to be taken orally, twice daily after meals
Tab. Lamictal 50mg, to be taken orally, twice daily
Tab. Vitamin D 20mg, to be taken orally, once daily","Tab. Valproate 500mg, to be taken orally, twice daily after meals
Tab. Lamictal 50mg, to be taken orally, twice daily
Tab. Vitamin D 2Omg, to bc taken orally, once daily","tab. valproate500mg, to be taken orally, twice daiIy after meals
tab. lamictal50mg, to be taken orally, twice daiIy
tab. v1tam1n d20mg, to be taken orally, once daiIy","dard ke liye Tab. Valproate, to be taken orally, twice daily after meals
Tab. Lamictal, to be taken orally, twice daily
Tab. Vitamin D, to be taken orally, once daily"
316,"Tab. Amitriptyline 25mg, to be taken orally, three times daily
Tab. Tranylcypromine 10mg, to be taken orally, twice daily before meals","Tab. Aldep 25mg, to be taken orally, three times daily
Tab. Tranylcypromine 10mg, to be taken orally, twice daily before meals","Tab. Aldep 25mg, to be taken orally, three timcs daily
Tab. Tranylcypromine 1Omg, to be taken orally, twice daily before meals","tab. aldep25mg, to be taken orally, three times daiIy
tab. tranylcypromine10mg, to be taken orally, twice daiIy before meals","dard ke liye Tab. Aldep, to be taken orally, three times daily
Tab. Tranylcypromine, to be taken orally, twice daily before meals"
317,"Tab. Duloxetine 60mg, to be taken orally, once daily after meals
Tab. Memantine 10mg, to be taken orally, once daily before meals","Tab. Symbal 60mg, to be taken orally, once daily after meals
Tab. Memantine 10mg, to be taken orally, once daily before meals","Tab. Symbal 60mg, to be taken orally, oncc daily after mcals
Tab. Memantine 10mg, to be taken orally, once daily before meals","tab. symbal60mg, to be taken orally, once daiIy after meals
tab. memantine10mg, to be taken orally, once daiIy before meals","bukhar aur dard ke liye Tab. Symbal, to be taken orally, once daily after meals
Tab. Memantine, to be taken orally, once daily before meals"
319,"Cap. Bupropion 150mg, to be taken orally, once daily in the morning
Tab. Tramadol 50mg, to be taken orally, three times daily after meals","Cap. Bupron 150mg, to be taken orally, once daily in the morning
Tab. Contramal 50mg, to be taken orally, three times daily after meals","Cap. Bupron 150mg, to be taken orally, oncc daily in thc morning
Tab. Contramal 50mg, to be taken orally, three times daily after meals","cap. bupron150mg, to be taken orally, once daiIy in the morning
tab. contramal50mg, to be taken orally, three times daiIy after meals","bukhar ke liye Cap. Bupron, to be taken orally, once daily in the morning
Tab. Contramal, to be taken orally, three times daily after meals"
327,"1. Bupropion 150mg OD
2. Gabapentin 300mg BD","1. Bupron 150mg OD
2. Gabapin 300mg BD","1. Bupron 150mg OD
2. Gabapin 3OOmg BD","1. bupron150mg od
2. gabapin300mg bd","doctor ne likha hai: 1. Bupron OD
2. Gabapin BD"
328,"1. Clomipramine 25mg TDS
2. Selegiline 5mg BD","1. Clonil 25mg TDS
2. Selegiline 5mg BD","1. Clonil 25mg TDS
2. Sclegilinc 5mg BD","1. clonil25mg tds
2. selegiline5mg bd","bukhar ke liye 1. Clonil TDS
2. Selegiline BD"
329,"a. Methadone 10mg OD
b. Clonazepam 0.5mg BD","a. Methadone 10mg OD
b. Clotrin 0.5mg BD","a. Mcthadone 1Omg OD
b. Clotrin 0.5mg BD","a. methadone10mg od
b. clotrin0.5mg bd","bukhar ke liye a. Methadone OD
b. Clotrin BD"
337,"Rx: Mirtazapine - 15mg hs
Rx: Vitamin D - od","Rx: Miraz - 15mg hs
Rx: Vitamin D - od","Rx: Miraz - 15mg hs
Rx: Vitamin D - od","rx: miraz - 15mg hs
rx: v1tam1n d - od","bukhar aur dard ke liye Rx: Miraz - hs
Rx: Vitamin D - od"
341,"Fluoxetine 20mg twice daliy
Tranylcypromine 10mg BD","Prodep 20mg twice daliy
Tranylcypromine 10mg BD","Prodcp 20mg twicc daliy
Tranylcypromine 10mg BD","prodep20mg twice daliy
tranylcypromine10mg bd","bukhar ke liye Prodep twice daliy
Tranylcypromine BD"
409,"Rx: Glycomet - 500mg bd
Rx: Omnacortil - 20mg od
Rx: Crocin - 500mg tds","Rx: Glycomet - 500mg bd
Rx: Omnacortil - 20mg od
Rx: Crocin - 500mg tds","Rx: Glycomet - 500mg bd
Rx: Omnacortil - 2Omg od
Rx: Crocin - 50Omg tds","rx: glycomet - 500mg bd
rx: omnacortil - 20mg od
rx: crocin - 500mg tds","bukhar aur dard ke liye Rx: Glycomet - bd
Rx: Omnacortil - od
Rx: Crocin - tds"
413,"1. Brufen 400mg TDS
2. Enalapril 5mg OD","1. Brufen 400mg TDS
2. Enapril 5mg OD","1. Brufen 4OOmg TDS
2. Enapril 5mg OD","1. brufen400mg tds
2. enapril5mg od","dard ke liye 1. Brufen TDS
2. Enapril OD"
418,"Montair 10mg OD
Crocin 500mg SOS","Montair 10mg OD
Crocin 500mg SOS","Montair 1Omg OD
Crocin 5O0mg SOS","montair10mg od
crocin500mg sos","bukhar ke liye Montair OD
Crocin SOS"
419,"Rx: Allegra - 120mg od
Rx: Glycomet - 500mg bd","Rx: Allegra - 120mg od
Rx: Glycomet - 500mg bd","Rx: Allegra - 120mg od
Rx: Glycomet - 5OOmg bd","rx: allegra - 120mg od
rx: glycomet - 500mg bd","dard ke liye Rx: Allegra - od
Rx: Glycomet - bd"
429,"Rx: Betnesol - 1mg bd
Rx: Voveran - 50mg tds
Rx: Omez - 20mg od","Rx: Betnesol - 1mg bd
Rx: Voveran - 50mg tds
Rx: Omez - 20mg od","Rx: Betnesol - 1mg bd
Rx: Voveran - 5Omg tds
Rx: Omez - 2Omg od","rx: betnesol - 1mg bd
rx: voveran - 50mg tds
rx: omez - 20mg od","doctor ne likha hai: Rx: Betnesol - bd
Rx: Voveran - tds
Rx: Omez - od"
432,"Tab. Pan 40mg, to be taken orally, once daily before breakfast
Tab. Dexorange 10ml, to be taken orally, twice daily after meals","Tab. Pan 40mg, to be taken orally, once daily before breakfast
Tab. Dexorange 10ml, to be taken orally, twice daily after meals","Tab. Pan 40mg, to be taken orally, once daily before breakfast
Tab. Dcxorange 1Oml, to be taken orally, twice daily after meals","tab. pan40mg, to be taken orally, once daiIy before breakfast
tab. dexorange10ml, to be taken orally, twice daiIy after meals","doctor ne likha hai: Tab. Pan, to be taken orally, once daily before breakfast
Tab. Dexorange, to be taken orally, twice daily after meals"
433,"Rantac 150mg BD
Allegra 120mg OD","Rantac 150mg BD
Allegra 120mg OD","Rantac 15Omg BD
Allegra 12Omg OD","rantac150mg bd
allegra120mg od","doctor ne likha hai: Rantac BD
Allegra OD"
439,"Rx: Thyronorm - 100mcg od
Rx: Omez - 20mg od","Rx: Thyronorm - 100mcg od
Rx: Omez - 20mg od","Rx: Thyronorm - 1O0mcg od
Rx: Omcz - 20mg od","rx: thyronorm - 100mcg od
rx: omez - 20mg od","dard ke liye Rx: Thyronorm - od
Rx: Omez - od"
440,"Pudin Hara 2cap BD
Dolo 650mg SOS","Pudin Hara 2cap BD
Dolo 650mg SOS","Pudin Hara 2cap BD
Dolo 65Omg SOS","pudin hara2cap bd
dolo650mg sos","doctor ne likha hai: Pudin Hara 2cap BD
Dolo SOS"
441,"Taxim 200mg BD
Acitrom 2mg OD","Taxim 200mg BD
Acitrom 2mg OD","Taxim 2OOmg BD
Acitrom 2mg OD","taxim200mg bd
acitrom2mg od","dard ke liye Taxim BD
Acitrom OD"
449,"Rx: Augmentin - 625mg bd
Rx: Acitrom - 2mg od","Rx: Augmentin - 625mg bd
Rx: Acitrom - 2mg od","Rx: Augmcntin - 625mg bd
Rx: Acitrom - 2mg od","rx: augmentin - 625mg bd
rx: acitrom - 2mg od","bukhar ke liye Rx: Augmentin - bd
Rx: Acitrom - od"
