feature,coef
p_mild,-0.49509729001160074
p_mod,-1.5975768234515975
p_sev,2.0652065068597056
p_sev_minus_p_mod,3.6627833303113
entropy,1.237977373569328
n_words,0.10340140488709659
cue_qtc_torsades,0.44817115070671804
cue_bleed_event,0.04903708133069136
cue_bleed_risk,0.2395174986149629
cue_arrhythmia,-0.013974744057347789
cue_rhabdo,0.07858077653974944
cue_serotonin,0.04805329713929352
cue_renal_failure,0.06523513485991815
cue_organ_tox,0.12598324948545175
cue_excretion_serum,-0.5179105520036644
cue_gi_only,-0.4951337964609137
cue_severe_event,3.8191858751486283
intercept,-1.686164234439873
